Id,Category
image_0.jpg,1
image_1.jpg,1
image_10.jpg,0
image_11.jpg,2
image_12.jpg,0
image_13.jpg,0
image_14.jpg,0
image_15.jpg,0
image_16.jpg,2
image_17.jpg,1
image_18.jpg,0
image_19.jpg,0
image_2.jpg,0
image_20.jpg,0
image_21.jpg,0
image_22.jpg,0
image_23.jpg,0
image_24.jpg,0
image_25.jpg,0
image_26.jpg,0
image_27.jpg,0
image_28.jpg,0
image_29.jpg,2
image_3.jpg,0
image_30.jpg,1
image_31.jpg,2
image_32.jpg,0
image_33.jpg,0
image_34.jpg,0
image_35.jpg,0
image_36.jpg,0
image_37.jpg,0
image_38.jpg,0
image_39.jpg,0
image_4.jpg,0
image_40.jpg,2
image_41.jpg,0
image_42.jpg,0
image_43.jpg,0
image_44.jpg,0
image_45.jpg,0
image_46.jpg,0
image_47.jpg,0
image_48.jpg,0
image_49.jpg,0
image_5.jpg,0
image_50.jpg,0
image_51.jpg,0
image_52.jpg,0
image_53.jpg,0
image_54.jpg,0
image_55.jpg,0
image_56.jpg,0
image_57.jpg,0
image_58.jpg,0
image_59.jpg,0
image_6.jpg,2
image_60.jpg,0
image_61.jpg,0
image_62.jpg,0
image_63.jpg,0
image_64.jpg,0
image_65.jpg,0
image_66.jpg,0
image_67.jpg,0
image_68.jpg,0
image_69.jpg,0
image_7.jpg,0
image_70.jpg,0
image_71.jpg,0
image_72.jpg,0
image_73.jpg,0
image_74.jpg,0
image_75.jpg,2
image_76.jpg,0
image_77.jpg,0
image_78.jpg,0
image_79.jpg,0
image_8.jpg,0
image_80.jpg,0
image_81.jpg,0
image_82.jpg,0
image_83.jpg,0
image_84.jpg,0
image_85.jpg,0
image_86.jpg,0
image_87.jpg,0
image_88.jpg,0
image_89.jpg,0
image_9.jpg,0
image_90.jpg,0
image_91.jpg,0
image_92.jpg,0
image_93.jpg,0
image_94.jpg,0
image_95.jpg,0
image_96.jpg,0
image_97.jpg,0
image_98.jpg,0
image_99.jpg,1
al/image_0.jpg,1
al/image_1.jpg,0
al/image_10.jpg,2
al/image_11.jpg,1
al/image_12.jpg,0
al/image_13.jpg,2
al/image_14.jpg,1
al/image_15.jpg,2
al/image_16.jpg,2
al/image_17.jpg,1
al/image_18.jpg,2
al/image_19.jpg,1
al/image_2.jpg,2
al/image_20.jpg,1
al/image_21.jpg,1
al/image_22.jpg,2
al/image_23.jpg,1
al/image_24.jpg,1
al/image_25.jpg,2
al/image_26.jpg,2
al/image_27.jpg,1
al/image_28.jpg,1
al/image_29.jpg,2
al/image_3.jpg,1
al/image_30.jpg,1
al/image_31.jpg,1
al/image_32.jpg,1
al/image_33.jpg,2
al/image_34.jpg,1
al/image_35.jpg,1
al/image_36.jpg,1
al/image_37.jpg,2
al/image_38.jpg,2
al/image_39.jpg,2
al/image_4.jpg,1
al/image_40.jpg,1
al/image_41.jpg,1
al/image_42.jpg,1
al/image_43.jpg,1
al/image_44.jpg,1
al/image_45.jpg,1
al/image_46.jpg,1
al/image_47.jpg,1
al/image_48.jpg,1
al/image_49.jpg,2
al/image_5.jpg,1
al/image_50.jpg,1
al/image_51.jpg,1
al/image_52.jpg,1
al/image_53.jpg,1
al/image_54.jpg,1
al/image_55.jpg,2
al/image_56.jpg,1
al/image_57.jpg,2
al/image_58.jpg,1
al/image_59.jpg,1
al/image_6.jpg,0
al/image_60.jpg,1
al/image_61.jpg,1
al/image_62.jpg,1
al/image_63.jpg,1
al/image_64.jpg,1
al/image_65.jpg,1
al/image_66.jpg,1
al/image_67.jpg,1
al/image_68.jpg,1
al/image_69.jpg,1
al/image_7.jpg,2
al/image_70.jpg,2
al/image_71.jpg,0
al/image_72.jpg,0
al/image_73.jpg,1
al/image_74.jpg,1
al/image_75.jpg,1
al/image_76.jpg,2
al/image_77.jpg,1
al/image_78.jpg,1
al/image_79.jpg,1
al/image_8.jpg,1
al/image_80.jpg,0
al/image_81.jpg,0
al/image_82.jpg,0
al/image_83.jpg,0
al/image_84.jpg,0
al/image_85.jpg,0
al/image_86.jpg,0
al/image_87.jpg,0
al/image_88.jpg,0
al/image_89.jpg,2
al/image_9.jpg,0
al/image_90.jpg,1
al/image_91.jpg,1
al/image_92.jpg,1
al/image_93.jpg,1
al/image_94.jpg,1
al/image_95.jpg,1
al/image_96.jpg,1
al/image_97.jpg,1
al/image_98.jpg,1
al/image_99.jpg,1
/image_0.jpg,2
/image_1.jpg,2
/image_10.jpg,2
/image_11.jpg,2
/image_12.jpg,2
/image_13.jpg,2
/image_14.jpg,2
/image_15.jpg,2
/image_16.jpg,2
/image_17.jpg,2
/image_18.jpg,2
/image_19.jpg,2
/image_2.jpg,2
/image_20.jpg,2
/image_21.jpg,2
/image_22.jpg,2
/image_23.jpg,2
/image_24.jpg,2
/image_25.jpg,1
/image_26.jpg,2
/image_27.jpg,2
/image_28.jpg,2
/image_29.jpg,2
/image_3.jpg,2
/image_30.jpg,2
/image_31.jpg,2
/image_32.jpg,2
/image_33.jpg,2
/image_34.jpg,2
/image_35.jpg,2
/image_36.jpg,2
/image_37.jpg,2
/image_38.jpg,2
/image_39.jpg,2
/image_4.jpg,2
/image_40.jpg,2
/image_41.jpg,1
/image_42.jpg,2
/image_43.jpg,2
/image_44.jpg,2
/image_45.jpg,0
/image_46.jpg,2
/image_47.jpg,2
/image_48.jpg,2
/image_49.jpg,1
/image_5.jpg,2
/image_50.jpg,2
/image_51.jpg,2
/image_52.jpg,2
/image_53.jpg,1
/image_54.jpg,2
/image_55.jpg,2
/image_56.jpg,2
/image_57.jpg,2
/image_58.jpg,2
/image_59.jpg,2
/image_6.jpg,0
/image_60.jpg,2
/image_61.jpg,2
/image_62.jpg,2
/image_63.jpg,1
/image_64.jpg,2
/image_65.jpg,2
/image_66.jpg,2
/image_67.jpg,1
/image_68.jpg,0
/image_69.jpg,2
/image_7.jpg,2
/image_70.jpg,2
/image_71.jpg,2
/image_72.jpg,2
/image_73.jpg,2
/image_74.jpg,2
/image_75.jpg,2
/image_76.jpg,1
/image_77.jpg,2
/image_78.jpg,2
/image_79.jpg,2
/image_8.jpg,2
/image_80.jpg,2
/image_81.jpg,1
/image_82.jpg,2
/image_83.jpg,2
/image_84.jpg,1
/image_85.jpg,2
/image_86.jpg,2
/image_87.jpg,2
/image_88.jpg,1
/image_89.jpg,2
/image_9.jpg,2
/image_90.jpg,2
/image_91.jpg,2
/image_92.jpg,2
/image_93.jpg,1
/image_94.jpg,1
/image_95.jpg,1
/image_96.jpg,2
/image_97.jpg,2
/image_98.jpg,2
/image_99.jpg,2
